super_bowl,musician
1,University of Arizona Symphonic Marching Band
1,Grambling State University Tiger Marching Band
1,Al Hirt
2,Grambling State University Tiger Marching Band
3,Florida A&M University Marching 100 Band
4,Marguerite Piazza
4,Doc Severinsen
4,Al Hirt
4,The Human Jukebox
5,Southeast Missouri State Marching Band
6,Ella Fitzgerald
6,Carol Channing
6,Al Hirt
6,United States Air Force Academy Cadet Chorale
7,University of Michigan Marching Band
7,Woody Herman
7,Andy Williams
8,University of Texas Longhorn Band
8,Judy Mallett
9,Mercer Ellington
9,Grambling State University Tiger Marching Band
10,Up with People
11,Los Angeles Unified School District All City Honor Marching Band
12,Tyler Junior College Apache Band
12,Pete Fountain
12,Al Hirt
13,Ken Hamilton
13,Gramacks
14,Up with People
14,Grambling State University Tiger Marching Band
15,The Human Jukebox
15,Helen O'Connell
16,Up with People
17,Los Angeles Unified School District All City Honor Marching Band
18,The University of Florida Fightin' Gator Marching Band
18,The Florida State University Marching Chiefs
19,Tops In Blue
20,Up with People
21,Grambling State University Tiger Marching Band
21,Spirit of Troy
22,Chubby Checker
22,San Diego State University Marching Aztecs
22,Spirit of Troy
23,Elvis Presto
24,Pete Fountain
24,Doug Kershaw
24,Irma Thomas
24,Pride of Nicholls Marching Band
24,The Human Jukebox
24,Pride of Acadiana
25,New Kids on the Block
26,Gloria Estefan
26,University of Minnesota Marching Band
27,Michael Jackson
28,Clint Black
28,Tanya Tucker
28,Travis Tritt
28,The Judds
28,Wynonna Judd
29,Patti Labelle
29,Tony Bennett
29,Arturo Sandoval
29,Miami Sound Machine
30,Diana Ross
31,The Blues Brothers
31,ZZ Top
31,James Brown
32,Boyz II Men
32,Smokey Robinson
32,Martha Reeves
32,The Temptations
32,Queen Latifah
32,Grambling State University Tiger Marching Band
33,Gloria Estefan
33,Stevie Wonder
33,Big Bad Voodoo Daddy
34,Phil Collins
34,Christina Aguilera
34,Enrique Iglesias
34,Toni Braxton
35,Aerosmith
35,NSYNC
35,Britney Spears
35,Mary J. Blige
35,Nelly
36,U2
37,Shania Twain
37,No Doubt
37,Sting
38,Jessica Simpson
38,Janet Jackson
38,P. Diddy
38,Nelly
38,Kid Rock
38,Justin Timberlake
38,The Ocean of Soul Marching Band
38,The Spirit of Houston Cougar Marching Band
39,Paul McCartney
40,The Rolling Stones
41,Prince
41,Florida A&M University Marching 100 Band
42,Tom Petty & the Heartbreakers
43,Bruce Springsteen and the E Street Band
44,The Who
45,The Black Eyed Peas
45,Slash
45,Usher
45,will.i.am
45,Fergie
46,Madonna
46,LMFAO
46,Nicki Minaj
46,M.I.A.
46,Cee Lo Green
47,Beyoncé
47,Destiny's Child
47,Kelly Rowland
47,Michelle Williams
48,Bruno Mars
48,Red Hot Chili Peppers
49,Katy Perry
49,Lenny Kravitz
49,Missy Elliott
49,Arizona State University Sun Devil Marching Band
50,Coldplay
50,Beyoncé
50,Bruno Mars
50,Mark Ronson
50,University of California Marching Band
50,Youth Orchestra Los Angeles
50,Gustavo Dudamel
51,Lady Gaga
52,Justin Timberlake
52,University of Minnesota Marching Band
